{"cameraMode":{"drawMode":0,"name":"Shaded","section":"Shading Mode"},"sceneLighting":false,"audioPlay":false,"sceneViewState":{"showFog":true,"showMaterialUpdate":false,"showSkybox":false,"showFlares":true,"showImageEffects":true,"showParticleSystems":true},"in2DMode":false,"pivot":{"x":-45.9571647644043,"y":-8.796940803527832,"z":-1.216048002243042},"rotation":{"x":-0.1064726933836937,"y":0.23540019989013673,"z":-0.02595321461558342,"w":-0.9657086133956909},"size":0.8660253882408142,"orthographic":false}